{"cameraMode":{"drawMode":0,"name":"Shaded","section":"Shading Mode"},"sceneLighting":false,"audioPlay":false,"sceneViewState":{"m_AlwaysRefresh":false,"showFog":true,"showSkybox":false,"showFlares":true,"showImageEffects":true,"showParticleSystems":true,"showVisualEffectGraphs":true,"m_FxEnabled":true},"in2DMode":false,"pivot":{"x":2.409247398376465,"y":-0.11758476495742798,"z":-0.7536416053771973},"rotation":{"x":0.0014073889469727874,"y":-0.9983928203582764,"z":0.04885925352573395,"w":0.028757965192198755},"size":2.4130473136901857,"orthographic":false}